date,views,view_uniques,clones,clone_uniques,release_downloads,releases,stars,forks,note
2026-08-25,0,0,0,0,,,,,
2026-08-26,0,0,0,0,,,,,
2026-08-27,0,0,0,0,,,,,
2026-08-28,0,0,0,0,,,,,
2026-08-29,0,0,0,0,,,,,
2026-08-30,0,0,0,0,,,,,
2026-08-31,0,0,0,0,,,,,
2026-09-01,0,0,0,0,,,,,
2026-09-02,0,0,0,0,,,,,
2026-09-03,0,0,0,0,,,,,
2026-09-04,0,0,0,0,,,,,
2026-09-05,0,0,0,0,,,,,
2026-09-06,0,0,0,0,,,,,
2026-09-07,0,0,0,0,0,0,0,0,
2026-09-08,,,,,0,0,0,0,"views:HTTP403(권한부족(fine-grained 는 Administration:Read, classic 은 repo 스코프 필요));clones:HTTP403(권한부족(fine-grained 는 Administration:Read, classic 은 repo 스코프 필요))"
2026-09-09,,,,,0,0,0,0,"views:HTTP403(권한부족(fine-grained 는 Administration:Read, classic 은 repo 스코프 필요));clones:HTTP403(권한부족(fine-grained 는 Administration:Read, classic 은 repo 스코프 필요))"
2026-09-10,,,,,0,0,0,0,"views:HTTP403(권한부족(fine-grained 는 Administration:Read, classic 은 repo 스코프 필요));clones:HTTP403(권한부족(fine-grained 는 Administration:Read, classic 은 repo 스코프 필요))"
2026-09-11,,,,,0,0,0,0,"views:HTTP403(권한부족(fine-grained 는 Administration:Read, classic 은 repo 스코프 필요));clones:HTTP403(권한부족(fine-grained 는 Administration:Read, classic 은 repo 스코프 필요))"
2026-09-12,,,,,0,0,0,0,"views:HTTP403(권한부족(fine-grained 는 Administration:Read, classic 은 repo 스코프 필요));clones:HTTP403(권한부족(fine-grained 는 Administration:Read, classic 은 repo 스코프 필요))"
